{"cameraMode":{"drawMode":0,"name":"Shaded","section":"Shading Mode"},"sceneLighting":false,"audioPlay":false,"sceneViewState":{"m_AlwaysRefresh":true,"showFog":true,"showSkybox":true,"showFlares":true,"showImageEffects":true,"showParticleSystems":true,"showVisualEffectGraphs":true,"m_FxEnabled":true},"in2DMode":false,"pivot":{"x":2.9451043605804445,"y":0.01955908164381981,"z":2.2998156547546388},"rotation":{"x":-0.11536230146884918,"y":-0.3985308110713959,"z":0.05060875415802002,"w":-0.9084724187850952},"size":3.329000234603882,"orthographic":false}